Pregunta;Opción 1;Opción 2;Opción 3;Opción 4;Respuesta;Explicación
¿Quién ocupa el cargo de Directora (E) de la Dirección Aseguramiento Operación (DAO) del CND?;Alexandra María Gutiérrez Correa;Juan Manuel Flores Betancourt;Diana Carolina Guerrero Molina;N.A.;Diana Carolina Guerrero Molina;"Según la estructura del Centro Nacional de Despacho, la Directora (E) de la Dirección Aseguramiento Operación (DAO) es Diana Carolina Guerrero Molina [1]."
¿Qué tiempo máximo de despeje de falla de la protección principal establece el RETIE para los sistemas eléctricos de distribuidores y transportadores?;90 milisegundos;100 milisegundos;150 milisegundos;200 milisegundos;150 milisegundos;"El Reglamento Técnico de Instalaciones Eléctricas (RETIE) establece que este tiempo máximo no debe superar los 150 milisegundos [2]."
¿Cuál es la Resolución CREG que se aplica al STN para el Reglamento de reporte de Eventos y cálculo de ENS?;CREG 094 de 2012;CREG 015 de 2018;CREG 093 de 2012;CREG 080 de 1999;CREG 093 de 2012;"La Resolución CREG 093 de 2012 aplica al STN (Sistema de Transmisión Nacional) para el reporte de Eventos [3]."
¿Cuál de las siguientes es una función específica del CND según la Resolución CREG 080 de 1999?;Comercialización;Supervisión;Mantenimiento;Distribución;Supervisión;"La Resolución CREG 080 de 1999 lista entre las funciones del CND la Supervisión, Planificación, Coordinación y Control [2]."
¿Qué ocurre si la variable PENS supera el 2% para un Evento en el STN o STR?;El agente es multado automáticamente;El CND debe enviar un informe detallado a la SSPD;Se suspende la operación del activo;Se aplica el Acuerdo CNO 1617 de 2022;El CND debe enviar un informe detallado a la SSPD;"Si la variable PENS supera el 2%, el CND debe enviar a la Superintendencia de Servicios Públicos Domiciliarios (SSPD) un informe con el análisis detallado del Evento [3]."
¿A partir de qué fecha inició la aplicación del Esquema Calidad mencionado en las Resoluciones CREG 093/2012, 094/2012 y 015/2018?;01/Ene/2022;01/Jun/2022;06/Nov/2022;01/Dic/2021;01/Jun/2022;"La Aplicación del Esquema Calidad comenzó el 01/Jun/2022 [3]."
¿Qué cargo ocupa Juan Manuel Flores Betancourt dentro de la DAO del CND?;Director (E) de la DAO;Coordinador de Gestión Protecciones;Coordinador de la Evaluación de la Operación de Tiempo Real;Administrador de los Sistemas de Tiempo Real;Coordinador de la Evaluación de la Operación de Tiempo Real;"Juan Manuel Flores Betancourt es el Coordinador de la Evaluación de la Operación de Tiempo Real [1]."
¿Qué entidad construyó los procedimientos para la elaboración de los informes de análisis de eventos del SIN, específicamente en el Subcomité de Protecciones?;CREG;Superintendencia de Servicios Públicos Domiciliarios (SSPD);Centro Nacional de Despacho (CND);Consejo Nacional de Operación (CNO);Consejo Nacional de Operación (CNO);"Los procedimientos han sido construidos en los foros del Consejo Nacional de Operación (CNO), específicamente en el Subcomité de Protecciones [4]."
¿Cuál de las siguientes corresponde a una función específica del CND listada como '3b'?;Coordinación;3b. Gestión Controles SIN;3b. Estudios fallas y/o emergencias;4. Control;3b. Estudios fallas y/o emergencias;"Dentro de las Funciones del Centro Nacional de Despacho se encuentra la '3b. Estudios fallas y/o emergencias' [1]."
¿Qué se define como una ""Situación que causa la indisponibilidad parcial o total de un activo de uso y que ocurre de manera programada o no programada""?;Falla;Emergencia;Evento;Contingencia;Evento;"Las resoluciones CREG 093 de 2012 y CREG 015 de 2018 definen Evento de esta manera [4]."
¿Cuál de las siguientes opciones NO es un tipo de evento a analizar según el Acuerdo CNO 1617 de 2022?;STN > (N-1);Desconexión sección barra SAEB;Mantenimiento de distribución programado;Separación sistemas;Mantenimiento de distribución programado;"El Acuerdo CNO 1617 de 2022 lista eventos como Separación sistemas, STN > (N-1), y Desconexión sección barra SAEB, entre otros [5]."
El informe detallado de análisis de eventos debe incluir la curva de potencia activa del MC afectado para el periodo horario del evento y cuántos periodos anteriores y posteriores, respectivamente, a la ocurrencia del mismo;10 anteriores y 10 siguientes;6 anteriores y 6 siguientes;24 anteriores y 24 siguientes;12 anteriores y 12 siguientes;12 anteriores y 12 siguientes;"El informe debe contener la curva de potencia activa de los 12 periodos anteriores y de los 12 siguientes a la ocurrencia del evento [6]."
¿Qué Resolución CREG trata sobre la Metodología para la remuneración de la actividad de distribución de energía eléctrica en el SIN?;CREG 080 de 1999;CREG 094 de 2012;CREG 093 de 2012;CREG 015 de 2018;CREG 015 de 2018;"La CREG 015 de 2018 establece la Metodología para remuneración de la actividad de distribución de energía eléctrica en el SIN [3]."
¿Desde qué fecha es aplicable el Acuerdo CNO 1617 de 2022?;01/Jun/2022;06/Nov/2022;01/Ene/2023;01/Oct/2022;06/Nov/2022;"La aplicación del Acuerdo CNO 1617 de 2022 comenzó desde el 06/Nov/2022 [5]."
¿Para qué sistema se aplican las disposiciones sobre el reporte de Eventos contenidas en el Capítulo 3 de la Resolución CREG 094 de 2012?;STN;STR;SIN;SAEB;STR;"El Capítulo 3 de la Resolución CREG 094 de 2012 se refiere al Reglamento para reporte de Eventos para el STR (Sistema de Transmisión Regional) [3]."
¿Qué información del procedimiento de cambio de activo se ubica en el Portal web XM si el agente no solicita dicho cambio (Acuerdo CNO 1617)?;El análisis de la SSPD;La solicitud de prórroga;La respuesta;El informe trimestral del CNO;La respuesta;"Si el agente no solicita el cambio de activo, la Respuesta del procedimiento inicial de cambio de activo se ubica en el Portal web XM [7]."
¿Cuál de los siguientes es un proceso listado de la Dirección Aseguramiento Operación (DAO)?;Gestión de la Planeación;Administración de los Sistemas de Tiempo Real;Análisis de la Demanda;Coordinación de Operaciones;Administración de los Sistemas de Tiempo Real;"La DAO incluye, entre sus procesos, la Administración de los Sistemas de Tiempo Real [1]."
¿Qué documento contiene la Estructura del informe detallado según el Acuerdo CNO 1617 de 2022?;El Artículo 4 del Acuerdo;El Capítulo 3 de Anexo;El Artículo 3 de la CREG 093;La Resolución CREG 015 de 2018;El Capítulo 3 de Anexo;"La Estructura del informe detallado se define en el Capítulo 3 de Anexo del Acuerdo CNO 1617 de 2022 [5]."
En el marco del Seguimiento de acciones, ¿cuál de los siguientes motivos puede causar que una acción sea declinada?;Actividades que dan solución;Soportes suficientes;StationWare sin actualizar;Claridad de la solución;StationWare sin actualizar;"Una acción puede ser declinada si el StationWare está sin actualizar, si hay soportes insuficientes, o si las actividades no dan solución o hay falta de claridad de la solución [8]."
Además de la curva de potencia activa, ¿qué debe contener el informe detallado si el PENS supera el 2%?;El informe final del evento previsto en los acuerdos del CNO;La opinión de la SSPD;El historial de multas del agente;La solicitud de desconexión del activo;El informe final del evento previsto en los acuerdos del CNO;"El informe detallado debe contener, entre otros, el Informe final del evento previsto en los acuerdos del CNO [6]."
